[
{
  "model": "blog.user",
  "pk": 1,
  "fields": {
    "password": "pbkdf2_sha256$1000000$t22xYcHu03vPjndXeOpCLi$BCkmeGYIOmOAu0oboEmmceXyGYkS9TkadVwp2MLl7mQ=",
    "last_login": "2025-06-28T15:19:52.444Z",
    "is_superuser": true,
    "username": "Abhi",
    "first_name": "",
    "last_name": "",
    "is_staff": true,
    "is_active": true,
    "date_joined": "2025-06-09T12:32:37.857Z",
    "email": "admin@gmail.com",
    "role": "reader",
    "groups": [],
    "user_permissions": []
  }
},
{
  "model": "blog.user",
  "pk": 2,
  "fields": {
    "password": "pbkdf2_sha256$1000000$Pe3Lxjdi9ZmX1xPBEt0Ntl$wF8ZmpDff5RCn197pZmXmCM1PVAGzdPV9ZsN6oInSDA=",
    "last_login": "2026-02-11T06:25:12.971Z",
    "is_superuser": false,
    "username": "Jeet",
    "first_name": "",
    "last_name": "",
    "is_staff": false,
    "is_active": true,
    "date_joined": "2025-06-09T15:08:55.757Z",
    "email": "abhi@gmail.com",
    "role": "reader",
    "groups": [],
    "user_permissions": []
  }
},
{
  "model": "blog.user",
  "pk": 3,
  "fields": {
    "password": "pbkdf2_sha256$1000000$nEYyQjGJwAIaIAQugSAwNQ$i07PyOUTRzG9LZOGxhNXExlf9Rg4XT0OKfmoWgLa/cg=",
    "last_login": "2025-08-30T09:54:28.618Z",
    "is_superuser": false,
    "username": "Kumar",
    "first_name": "",
    "last_name": "",
    "is_staff": false,
    "is_active": true,
    "date_joined": "2025-06-09T15:11:13.051Z",
    "email": "Kumar@gmail.com",
    "role": "author",
    "groups": [],
    "user_permissions": []
  }
},
{
  "model": "blog.user",
  "pk": 4,
  "fields": {
    "password": "pbkdf2_sha256$1000000$usiEHBABUaH1qfLtiduy66$KjlWdICYSzIZSsLJmd0oFxn6Ix93yWjg21yHdA/d+XA=",
    "last_login": "2025-08-26T17:19:00.524Z",
    "is_superuser": false,
    "username": "user",
    "first_name": "",
    "last_name": "",
    "is_staff": false,
    "is_active": true,
    "date_joined": "2025-06-10T11:45:57Z",
    "email": "user@gmail.com",
    "role": "reader",
    "groups": [],
    "user_permissions": []
  }
},
{
  "model": "blog.user",
  "pk": 6,
  "fields": {
    "password": "pbkdf2_sha256$1000000$Bbukhabq0YgplryIyOdIWW$kIfETGaTClWC/JYLU5U+NpxdeytzSfCiyp9+KYB0y60=",
    "last_login": "2025-08-30T11:02:40.417Z",
    "is_superuser": false,
    "username": "Abc",
    "first_name": "",
    "last_name": "",
    "is_staff": false,
    "is_active": true,
    "date_joined": "2025-08-26T17:41:26.976Z",
    "email": "Abc@gmail.com",
    "role": "reader",
    "groups": [],
    "user_permissions": []
  }
},
{
  "model": "blog.user",
  "pk": 7,
  "fields": {
    "password": "pbkdf2_sha256$1000000$QoGgMY307oeR81C9TK6esR$3fzZ307YOy9lrG/geAOzmjkwfb4pa7VURzNXPuzB+ok=",
    "last_login": "2025-08-30T12:09:08.371Z",
    "is_superuser": false,
    "username": "new",
    "first_name": "",
    "last_name": "",
    "is_staff": false,
    "is_active": true,
    "date_joined": "2025-08-30T11:03:39.805Z",
    "email": "new@new.com",
    "role": "reader",
    "groups": [],
    "user_permissions": []
  }
},
{
  "model": "blog.user",
  "pk": 8,
  "fields": {
    "password": "pbkdf2_sha256$1000000$eTeIMY1UG9q7RtI0YySLpo$/z2Fkwr/dgbJxYVTqzE90VYs7Mfo/exgQDQYxa3jomE=",
    "last_login": "2026-02-11T06:26:24.797Z",
    "is_superuser": false,
    "username": "hasan",
    "first_name": "",
    "last_name": "",
    "is_staff": false,
    "is_active": true,
    "date_joined": "2026-02-11T06:26:07.892Z",
    "email": "hasan@gmail.com",
    "role": "reader",
    "groups": [],
    "user_permissions": []
  }
},
{
  "model": "blog.user",
  "pk": 9,
  "fields": {
    "password": "pbkdf2_sha256$1000000$ZlzP9gvi1qQuCwBJAkasl0$NxT852vFlNc1XflFfTOIxK/LjFgX/xwdBV/5s/gjLt8=",
    "last_login": "2026-02-11T09:28:11.600Z",
    "is_superuser": true,
    "username": "jack",
    "first_name": "",
    "last_name": "",
    "is_staff": true,
    "is_active": true,
    "date_joined": "2026-02-11T07:18:43.754Z",
    "email": "abhijeet2672004@gmail.com",
    "role": "reader",
    "groups": [],
    "user_permissions": []
  }
},
{
  "model": "blog.user",
  "pk": 10,
  "fields": {
    "password": "pbkdf2_sha256$1000000$LlVceuFxsBlkZ6ZFZFhL1w$unP77IYv5F6v+98IXEDw54h1Z9dSB2iYtxTUQiwdSHQ=",
    "last_login": "2026-02-28T06:03:46.134Z",
    "is_superuser": true,
    "username": "admin",
    "first_name": "",
    "last_name": "",
    "is_staff": true,
    "is_active": true,
    "date_joined": "2026-02-28T05:17:36.725Z",
    "email": "admin@example.com",
    "role": "reader",
    "groups": [],
    "user_permissions": []
  }
},
{
  "model": "blog.user",
  "pk": 11,
  "fields": {
    "password": "pbkdf2_sha256$1000000$RUBF3jSYk9POnNTM6hPLPZ$gmpiof1GK0d+R01BnowdknW/IKjJt0zyI2QDCScALK0=",
    "last_login": "2026-02-28T06:00:10.860Z",
    "is_superuser": false,
    "username": "abhi9kumarabhi",
    "first_name": "",
    "last_name": "",
    "is_staff": false,
    "is_active": true,
    "date_joined": "2026-02-28T05:19:04.863Z",
    "email": "abhi9kumarabhi@gmail.com",
    "role": "reader",
    "groups": [],
    "user_permissions": []
  }
},
{
  "model": "blog.user",
  "pk": 18,
  "fields": {
    "password": "pbkdf2_sha256$1000000$G4ryNxtYZ46DmVIh9uhsSg$KVfsAA9aU9lfCYck6N6Ehq7vDfwQH9s2kwbgmxWInrU=",
    "last_login": "2026-02-28T08:26:50.972Z",
    "is_superuser": false,
    "username": "abhinav.kumar22b",
    "first_name": "",
    "last_name": "",
    "is_staff": false,
    "is_active": true,
    "date_joined": "2026-02-28T08:26:31.906Z",
    "email": "abhinav.kumar22b@iiitg.ac.in",
    "role": "author",
    "groups": [],
    "user_permissions": []
  }
},
{
  "model": "blog.profile",
  "pk": 1,
  "fields": {
    "user": 3,
    "bio": "",
    "avatar": "",
    "is_subscribed": true,
    "subscription_end_date": null,
    "follows": []
  }
},
{
  "model": "blog.profile",
  "pk": 2,
  "fields": {
    "user": 2,
    "bio": "",
    "avatar": "",
    "is_subscribed": true,
    "subscription_end_date": "2025-07-15",
    "follows": []
  }
},
{
  "model": "blog.profile",
  "pk": 4,
  "fields": {
    "user": 1,
    "bio": "",
    "avatar": "",
    "is_subscribed": false,
    "subscription_end_date": null,
    "follows": []
  }
},
{
  "model": "blog.profile",
  "pk": 5,
  "fields": {
    "user": 4,
    "bio": "",
    "avatar": "",
    "is_subscribed": true,
    "subscription_end_date": "2025-07-15",
    "follows": []
  }
},
{
  "model": "blog.profile",
  "pk": 6,
  "fields": {
    "user": 6,
    "bio": "",
    "avatar": "",
    "is_subscribed": false,
    "subscription_end_date": null,
    "follows": []
  }
},
{
  "model": "blog.profile",
  "pk": 7,
  "fields": {
    "user": 7,
    "bio": "",
    "avatar": "",
    "is_subscribed": true,
    "subscription_end_date": "2025-09-29",
    "follows": []
  }
},
{
  "model": "blog.profile",
  "pk": 8,
  "fields": {
    "user": 8,
    "bio": "",
    "avatar": "",
    "is_subscribed": false,
    "subscription_end_date": null,
    "follows": []
  }
},
{
  "model": "blog.profile",
  "pk": 9,
  "fields": {
    "user": 9,
    "bio": "",
    "avatar": "",
    "is_subscribed": false,
    "subscription_end_date": null,
    "follows": []
  }
},
{
  "model": "blog.profile",
  "pk": 10,
  "fields": {
    "user": 10,
    "bio": "",
    "avatar": "",
    "is_subscribed": false,
    "subscription_end_date": null,
    "follows": []
  }
},
{
  "model": "blog.profile",
  "pk": 11,
  "fields": {
    "user": 11,
    "bio": "",
    "avatar": "",
    "is_subscribed": false,
    "subscription_end_date": null,
    "follows": []
  }
},
{
  "model": "blog.profile",
  "pk": 18,
  "fields": {
    "user": 18,
    "bio": "",
    "avatar": "",
    "is_subscribed": false,
    "subscription_end_date": null,
    "follows": []
  }
},
{
  "model": "blog.category",
  "pk": 1,
  "fields": {
    "name": "Web Development",
    "slug": "web-development",
    "description": "Tutorials and guides on building modern web applications",
    "icon": "code"
  }
},
{
  "model": "blog.category",
  "pk": 2,
  "fields": {
    "name": "AI & Machine Learning",
    "slug": "ai-machine-learning",
    "description": "Explore the world of artificial intelligence and ML",
    "icon": "cpu"
  }
},
{
  "model": "blog.category",
  "pk": 3,
  "fields": {
    "name": "DevOps & Cloud",
    "slug": "devops-cloud",
    "description": "Infrastructure, deployment, and cloud computing",
    "icon": "cloud"
  }
},
{
  "model": "blog.category",
  "pk": 4,
  "fields": {
    "name": "Mobile Development",
    "slug": "mobile-development",
    "description": "Build beautiful native and cross-platform mobile apps",
    "icon": "device-phone"
  }
},
{
  "model": "blog.category",
  "pk": 5,
  "fields": {
    "name": "UI/UX Design",
    "slug": "ui-ux-design",
    "description": "Design principles, tools, and best practices",
    "icon": "palette"
  }
},
{
  "model": "blog.category",
  "pk": 6,
  "fields": {
    "name": "Career & Productivity",
    "slug": "career-productivity",
    "description": "Level up your developer career and workflow",
    "icon": "rocket"
  }
},
{
  "model": "blog.post",
  "pk": 3,
  "fields": {
    "title": "Building a REST API with Django & DRF in 2026",
    "slug": "building-rest-api-django-drf-2026",
    "excerpt": "Building robust APIs is a fundamental skill for any backend developer. Django REST Framework (DRF) makes it incredibly easy to build well-structured,...",
    "author": 3,
    "body": "Building robust APIs is a fundamental skill for any backend developer. Django REST Framework (DRF) makes it incredibly easy to build well-structured, performant APIs with minimal boilerplate.\n\n## Getting Started\n\nFirst, install Django and DRF:\n\n```bash\npip install django djangorestframework\n```\n\n## Creating Your First Serializer\n\nSerializers in DRF work similarly to Django forms. They handle the conversion between complex data types (like querysets and model instances) and Python datatypes that can be rendered into JSON.\n\n```python\nfrom rest_framework import serializers\nfrom .models import Article\n\nclass ArticleSerializer(serializers.ModelSerializer):\n    class Meta:\n        model = Article\n        fields = ['id', 'title', 'body', 'author', 'created_at']\n```\n\n## ViewSets and Routers\n\nViewSets combine the logic for a set of related views in a single class. A Router automatically determines the URL configuration.\n\n```python\nfrom rest_framework import viewsets\nfrom .models import Article\nfrom .serializers import ArticleSerializer\n\nclass ArticleViewSet(viewsets.ModelViewSet):\n    queryset = Article.objects.all()\n    serializer_class = ArticleSerializer\n```\n\n## Authentication & Permissions\n\nDRF provides flexible authentication and permission systems out of the box. You can use token authentication, JWT, session auth, or build custom backends.\n\n## Pagination & Filtering\n\nConfigure global pagination in settings, and use django-filter for advanced filtering capabilities. This ensures your API remains performant even with large datasets.\n\n## Best Practices\n\n1. **Version your API** - Use URL versioning or header-based versioning\n2. **Use proper HTTP status codes** - 201 for creation, 204 for deletion\n3. **Document with OpenAPI/Swagger** - Use drf-spectacular for auto-generated docs\n4. **Write tests** - DRF provides excellent test utilities\n5. **Cache responses** - Use Redis or Memcached for frequently accessed endpoints\n\nBuilding APIs with Django and DRF gives you the power of Django ORM, admin panel, and the vast Python ecosystem while maintaining clean, RESTful architecture.",
    "featured_image": "post_images/building-rest-api-django-drf-2026.jpg",
    "category": 1,
    "publish_date": "2026-02-09T07:07:57.256Z",
    "created_date": "2026-02-10T07:07:57.257Z",
    "updated_date": "2026-02-10T07:07:57.257Z",
    "status": "published",
    "access_level": "free",
    "view_count": 1259
  }
},
{
  "model": "blog.post",
  "pk": 4,
  "fields": {
    "title": "The Complete Guide to Prompt Engineering for Developers",
    "slug": "complete-guide-prompt-engineering-developers",
    "excerpt": "Prompt engineering has become an essential skill for developers working with large language models. Whether you are building AI-powered features or just using...",
    "author": 3,
    "body": "Prompt engineering has become an essential skill for developers working with large language models. Whether you are building AI-powered features or just using AI tools more effectively, understanding how to craft effective prompts is crucial.\n\n## What is Prompt Engineering?\n\nPrompt engineering is the art and science of designing inputs that guide AI models to produce desired outputs. It is about communicating clearly with AI systems to get the best possible results.\n\n## Key Techniques\n\n### 1. Be Specific and Clear\nVague prompts lead to vague outputs. Instead of asking \"write code,\" specify the language, framework, constraints, and expected behavior.\n\n### 2. Use System Prompts Effectively\nSystem prompts set the context and personality for the AI. Define the role, expertise level, and output format upfront.\n\n### 3. Chain of Thought (CoT)\nAsk the model to think step by step. This dramatically improves reasoning accuracy for complex problems.\n\n### 4. Few-Shot Learning\nProvide examples of the input-output pairs you expect. This teaches the model the pattern without any fine-tuning.\n\n### 5. Output Formatting\nSpecify exactly how you want the output structured - JSON, markdown, tables, or code blocks. This makes parsing and integration much easier.\n\n## Advanced Patterns\n\n- **ReAct Pattern** - Combine reasoning with action steps\n- **Tree of Thought** - Explore multiple reasoning paths simultaneously\n- **Constitutional AI** - Build safety and guidelines into your prompts\n- **RAG Integration** - Combine retrieval with generation for factual accuracy\n\n## Practical Applications\n\nDevelopers are using prompt engineering to build intelligent search, code review tools, automated documentation, customer support bots, and data analysis pipelines.\n\nThe key is to iterate on your prompts just like you iterate on code. Test, measure, refine, and repeat until you get consistent, high-quality outputs.",
    "featured_image": "post_images/complete-guide-prompt-engineering-developers.jpg",
    "category": 2,
    "publish_date": "2026-02-08T07:07:57.256Z",
    "created_date": "2026-02-10T07:07:57.323Z",
    "updated_date": "2026-02-10T07:07:57.323Z",
    "status": "published",
    "access_level": "free",
    "view_count": 3896
  }
},
{
  "model": "blog.post",
  "pk": 5,
  "fields": {
    "title": "Docker & Kubernetes: A Practical Production Guide",
    "slug": "docker-kubernetes-practical-production-guide",
    "excerpt": "Containerization has revolutionized how we deploy and manage applications. This guide covers everything you need to know to run production-grade workloads with...",
    "author": 3,
    "body": "Containerization has revolutionized how we deploy and manage applications. This guide covers everything you need to know to run production-grade workloads with Docker and Kubernetes.\n\n## Docker Fundamentals\n\nDocker packages your application and its dependencies into lightweight, portable containers that run consistently across any environment.\n\n### Multi-Stage Builds\n\nUse multi-stage builds to create minimal production images. Start with a builder stage that compiles dependencies, then copy only the runtime artifacts into a slim final image. This dramatically reduces your image size.\n\n## Kubernetes Architecture\n\nKubernetes orchestrates your containers across a cluster of machines, handling scaling, networking, storage, and self-healing.\n\n### Key Components\n- **Pods** - The smallest deployable unit\n- **Services** - Stable networking for pods\n- **Deployments** - Declarative updates and rollbacks\n- **Ingress** - HTTP routing and load balancing\n- **ConfigMaps & Secrets** - Configuration management\n\n## Production Essentials\n\n1. **Health Checks** - Configure liveness and readiness probes\n2. **Resource Limits** - Set CPU and memory limits to prevent noisy neighbors\n3. **Horizontal Pod Autoscaler** - Scale based on CPU, memory, or custom metrics\n4. **Rolling Updates** - Zero-downtime deployments with rollback capability\n5. **Monitoring** - Use Prometheus + Grafana for observability\n\n## Security Best Practices\n\n- Run containers as non-root users\n- Scan images for vulnerabilities with Trivy\n- Use network policies to restrict pod communication\n- Rotate secrets regularly with external secret managers\n\nMastering Docker and Kubernetes opens up a world of scalable, resilient infrastructure that can handle millions of users.",
    "featured_image": "post_images/docker-kubernetes-practical-production-guide.jpg",
    "category": 3,
    "publish_date": "2026-02-07T07:07:57.256Z",
    "created_date": "2026-02-10T07:07:57.384Z",
    "updated_date": "2026-02-10T07:07:57.384Z",
    "status": "published",
    "access_level": "premium",
    "view_count": 2166
  }
},
{
  "model": "blog.post",
  "pk": 6,
  "fields": {
    "title": "React Native vs Flutter in 2026: Which Should You Choose?",
    "slug": "react-native-vs-flutter-2026-comparison",
    "excerpt": "The cross-platform mobile development landscape continues to evolve rapidly. Both React Native and Flutter have matured significantly, but which one is right...",
    "author": 3,
    "body": "The cross-platform mobile development landscape continues to evolve rapidly. Both React Native and Flutter have matured significantly, but which one is right for your next project? Let us dive into a comprehensive comparison.\n\n## Performance\n\nFlutter compiles to native ARM code and uses its own rendering engine (Impeller), delivering near-native performance with smooth 120fps animations. React Native has closed the gap significantly with the New Architecture (Fabric + TurboModules), offering true concurrent rendering and direct native module access.\n\n## Developer Experience\n\n### React Native\n- Leverages existing JavaScript/TypeScript skills\n- Hot reload for instant feedback\n- Massive npm ecosystem\n- Expo for rapid prototyping and deployment\n- Strong integration with web codebases\n\n### Flutter\n- Dart language with excellent tooling\n- Hot reload built-in from day one\n- Rich widget library with Material 3 and Cupertino styles\n- Consistent rendering across all platforms\n- Growing package ecosystem (pub.dev)\n\n## Community & Ecosystem\n\nReact Native benefits from the vast JavaScript ecosystem and Meta backing. Flutter has Google support and one of the fastest-growing open-source communities. Both have excellent documentation and active contributor bases.\n\n## When to Choose React Native\n- Your team knows JavaScript/TypeScript well\n- You want to share code with a React web app\n- You need deep integration with existing native codebases\n- Your app relies heavily on native platform APIs\n\n## When to Choose Flutter\n- You want pixel-perfect UI consistency across platforms\n- Performance for complex animations is critical\n- You are starting a greenfield project\n- You value the integrated widget-based architecture\n\n## The Verdict\n\nThere is no wrong choice in 2026. Both frameworks are production-ready and battle-tested by major companies. Choose based on your team skills, project requirements, and long-term architecture goals.",
    "featured_image": "post_images/react-native-vs-flutter-2026-comparison.jpg",
    "category": 4,
    "publish_date": "2026-02-06T07:07:57.256Z",
    "created_date": "2026-02-10T07:07:57.448Z",
    "updated_date": "2026-02-10T07:07:57.448Z",
    "status": "published",
    "access_level": "free",
    "view_count": 5430
  }
},
{
  "model": "blog.post",
  "pk": 7,
  "fields": {
    "title": "Design Systems That Scale: From Tokens to Components",
    "slug": "design-systems-that-scale-tokens-components",
    "excerpt": "A well-crafted design system is the backbone of consistent, scalable user interfaces. This guide walks through building a design system from the ground up,...",
    "author": 3,
    "body": "A well-crafted design system is the backbone of consistent, scalable user interfaces. This guide walks through building a design system from the ground up, from design tokens to production-ready components.\n\n## What Are Design Tokens?\n\nDesign tokens are the atomic building blocks of your visual design - colors, typography, spacing, shadows, and motion values stored in a platform-agnostic format.\n\n## Component Architecture\n\nBuild components in layers of increasing complexity:\n\n1. **Primitives** - Box, Text, Stack, Icon\n2. **Elements** - Button, Input, Badge, Avatar\n3. **Patterns** - Card, Form Group, Navbar, Modal\n4. **Templates** - Page layouts, dashboard shells\n\n## Figma to Code Pipeline\n\nUse tools like Figma Tokens, Style Dictionary, and custom transforms to keep your design files and codebase in sync. Automate the pipeline so designers can update tokens and developers get the changes automatically.\n\n## Accessibility First\n\nEvery component should be built with accessibility baked in - proper ARIA attributes, keyboard navigation, focus management, color contrast ratios, and screen reader support. This is not optional.\n\n## Documentation & Adoption\n\nA design system without documentation is just a component library. Build a living documentation site with interactive examples, usage guidelines, and do/do-not patterns. Make it easy for your team to adopt.\n\n## Measuring Success\n\nTrack adoption rates, component usage analytics, design-to-development handoff time, and visual consistency scores. A design system is a product - treat it like one.",
    "featured_image": "post_images/design-systems-that-scale-tokens-components.jpg",
    "category": 5,
    "publish_date": "2026-02-05T07:07:57.256Z",
    "created_date": "2026-02-10T07:07:57.510Z",
    "updated_date": "2026-02-10T07:07:57.510Z",
    "status": "published",
    "access_level": "premium",
    "view_count": 1838
  }
},
{
  "model": "blog.post",
  "pk": 8,
  "fields": {
    "title": "10 VS Code Extensions Every Developer Needs in 2026",
    "slug": "10-vscode-extensions-every-developer-needs-2026",
    "excerpt": "Visual Studio Code continues to dominate as the most popular code editor. Here are 10 extensions that will supercharge your development workflow in 2026.\n\n##...",
    "author": 3,
    "body": "Visual Studio Code continues to dominate as the most popular code editor. Here are 10 extensions that will supercharge your development workflow in 2026.\n\n## 1. GitHub Copilot\n\nAI-powered code completion that understands context across your entire project. The agent mode now handles multi-file edits, terminal commands, and even debugging autonomously.\n\n## 2. Error Lens\n\nHighlights errors and warnings inline, right next to the problematic code. No more squinting at the problems panel - issues are visible immediately.\n\n## 3. Thunder Client\n\nA lightweight REST API client built directly into VS Code. Test your APIs without leaving the editor, with support for collections, environments, and CI integration.\n\n## 4. GitLens\n\nSupercharges the built-in Git capabilities. See blame annotations, file history, compare branches, and visualize repository insights all within the editor.\n\n## 5. Prettier\n\nAutomatic code formatting that keeps your codebase consistent. Configure once, format everywhere - supports JavaScript, TypeScript, CSS, HTML, JSON, and more.\n\n## 6. ESLint\n\nStatic analysis for JavaScript and TypeScript. Catches bugs, enforces coding standards, and auto-fixes many issues on save.\n\n## 7. Docker\n\nManage containers, images, and compose files directly from VS Code. Build, run, and debug containerized applications without touching the terminal.\n\n## 8. Live Share\n\nReal-time collaborative editing with audio chat. Perfect for pair programming, code reviews, and teaching - regardless of location.\n\n## 9. Tailwind CSS IntelliSense\n\nAutocomplete for Tailwind CSS classes, hover previews, and linting. Essential if you use Tailwind for styling.\n\n## 10. REST Client\n\nSend HTTP requests directly from .http files in your editor. Great for API documentation and testing with version-controlled request files.\n\n## Bonus: Settings Sync\n\nYour VS Code settings, extensions, and keybindings stay in sync across all your machines. Set up once, code anywhere.\n\nThese extensions collectively save hours each week and make the development experience significantly more enjoyable.",
    "featured_image": "post_images/10-vscode-extensions-every-developer-needs-2026.jpg",
    "category": 6,
    "publish_date": "2026-02-10T07:07:57.256Z",
    "created_date": "2026-02-10T07:07:57.573Z",
    "updated_date": "2026-02-10T07:07:57.573Z",
    "status": "published",
    "access_level": "free",
    "view_count": 8729
  }
},
{
  "model": "blog.post",
  "pk": 9,
  "fields": {
    "title": "Mastering Python Async: Concurrency Made Simple",
    "slug": "mastering-python-async-concurrency-made-simple",
    "excerpt": "Asynchronous programming in Python has come a long way. With asyncio matured and async frameworks thriving, it is time to master concurrent Python for...",
    "author": 3,
    "body": "Asynchronous programming in Python has come a long way. With asyncio matured and async frameworks thriving, it is time to master concurrent Python for high-performance applications.\n\n## Why Async?\n\nTraditional synchronous Python processes one request at a time. When your code waits for I/O (database queries, API calls, file reads), it blocks the entire thread. Async programming lets you handle thousands of concurrent operations by switching between tasks during I/O waits.\n\n## Key Concepts\n\n### Tasks and Coroutines\nCoroutines are defined with async def and must be awaited. Tasks wrap coroutines for concurrent execution within the event loop.\n\n### Semaphores for Rate Limiting\nControl concurrency with semaphores to avoid overwhelming external services.\n\n### Async Context Managers\nUse async with for resources that need async setup and teardown - database connections, HTTP sessions, file handles.\n\n## Real-World Patterns\n\n- **Fan-out/Fan-in** - Dispatch many async tasks, collect all results\n- **Producer/Consumer** - Use asyncio.Queue for decoupled pipelines\n- **Timeout Handling** - Use asyncio.wait_for to prevent hanging operations\n- **Graceful Shutdown** - Cancel pending tasks on shutdown signals\n\n## When NOT to Use Async\n\nAsync shines for I/O-bound workloads. For CPU-intensive tasks, use multiprocessing instead. Mixing both with ProcessPoolExecutor gives you the best of both worlds.\n\nUnderstanding async Python unlocks massive performance gains for web servers, data pipelines, and any I/O-heavy application.",
    "featured_image": "post_images/mastering-python-async-concurrency-made-simple.jpg",
    "category": 1,
    "publish_date": "2026-02-04T07:07:57.256Z",
    "created_date": "2026-02-10T07:07:57.634Z",
    "updated_date": "2026-02-10T07:07:57.634Z",
    "status": "published",
    "access_level": "free",
    "view_count": 2943
  }
},
{
  "model": "blog.post",
  "pk": 10,
  "fields": {
    "title": "Building AI Agents with LangChain and LangGraph",
    "slug": "building-ai-agents-langchain-langgraph",
    "excerpt": "AI agents represent the next evolution beyond simple chatbots. They can plan, reason, use tools, and complete complex multi-step tasks autonomously. LangChain...",
    "author": 3,
    "body": "AI agents represent the next evolution beyond simple chatbots. They can plan, reason, use tools, and complete complex multi-step tasks autonomously. LangChain and LangGraph provide the building blocks.\n\n## What Are AI Agents?\n\nAn AI agent is a system that uses an LLM as its reasoning engine to decide which actions to take, execute those actions, observe results, and iterate until a goal is achieved.\n\n## LangChain Fundamentals\n\nLangChain provides the primitives for building LLM applications:\n\n- **Models** - Unified interface for OpenAI, Anthropic, local models\n- **Prompts** - Template management with variables and few-shot examples\n- **Chains** - Compose multiple LLM calls and operations\n- **Memory** - Maintain conversation context across interactions\n- **Tools** - Give LLMs the ability to interact with external systems\n\n## LangGraph for Stateful Agents\n\nLangGraph extends LangChain with graph-based orchestration, perfect for building complex agent workflows:\n\n- Cyclic graphs with conditional routing\n- Persistent state management\n- Human-in-the-loop interaction points\n- Parallel tool execution\n- Streaming intermediate results\n\n## Production Considerations\n\n- **Observability** - Use LangSmith for tracing and debugging\n- **Guardrails** - Implement output validators and safety checks\n- **Cost Management** - Cache responses, use cheaper models for simple tasks\n- **Error Recovery** - Design retry logic and fallback paths\n- **Testing** - Create evaluation datasets and benchmark agent performance\n\n## The Future\n\nAI agents are moving toward more autonomous operation with better planning, tool creation, and multi-agent collaboration. The frameworks are evolving rapidly, making this an exciting space to build in.",
    "featured_image": "post_images/building-ai-agents-langchain-langgraph.jpg",
    "category": 2,
    "publish_date": "2026-02-03T07:07:57.256Z",
    "created_date": "2026-02-10T07:07:57.689Z",
    "updated_date": "2026-02-10T07:07:57.690Z",
    "status": "published",
    "access_level": "premium",
    "view_count": 4567
  }
},
{
  "model": "blog.post",
  "pk": 11,
  "fields": {
    "title": "Next.js 15: Server Components and the Future of React",
    "slug": "nextjs-15-server-components-future-react",
    "excerpt": "Next.js 15 has solidified React Server Components as the default way to build React applications. This paradigm shift changes how we think about rendering,...",
    "author": 3,
    "body": "Next.js 15 has solidified React Server Components as the default way to build React applications. This paradigm shift changes how we think about rendering, data fetching, and performance.\n\n## Server Components by Default\n\nIn Next.js 15, every component is a Server Component unless you explicitly add the \"use client\" directive. This means components render on the server, sending only HTML to the browser - zero JavaScript for most of your UI.\n\n## The App Router\n\nThe App Router uses file-system based routing with powerful conventions:\n- page.tsx - Route components\n- layout.tsx - Shared layouts with nested rendering\n- loading.tsx - Streaming loading states\n- error.tsx - Error boundaries\n- not-found.tsx - 404 pages\n\n## Data Fetching Revolution\n\nForget useEffect and client-side fetching. Server Components can fetch data directly. No loading states, no error handling boilerplate, no client-side waterfalls.\n\n## Server Actions\n\nServer Actions let you call server-side functions directly from client components. They handle form submissions, data mutations, and cache revalidation seamlessly.\n\n## Partial Prerendering\n\nNext.js 15 introduces Partial Prerendering - static shells with dynamic holes. The static parts are served instantly from the CDN while dynamic content streams in.\n\n## Migration Tips\n\n1. Start with leaf components when migrating\n2. Keep interactive components small and client-only\n3. Move data fetching to Server Components\n4. Use Server Actions for mutations\n5. Leverage streaming for progressive loading\n\nNext.js 15 delivers on the promise of the best developer experience with the best user experience. The future of React is here.",
    "featured_image": "post_images/nextjs-15-server-components-future-react.jpg",
    "category": 1,
    "publish_date": "2026-02-02T07:07:57.256Z",
    "created_date": "2026-02-10T07:07:57.739Z",
    "updated_date": "2026-02-10T07:07:57.739Z",
    "status": "published",
    "access_level": "free",
    "view_count": 6238
  }
},
{
  "model": "blog.post",
  "pk": 16,
  "fields": {
    "title": "Understanding Gradient Descent Step by Step",
    "slug": "understanding-gradient-descent-step-by-step",
    "excerpt": "Preparing for a QA Intern interview? Here are the top 5 practical tips to help you crack technical rounds, impress interviewers, and stand out from other candidates.",
    "author": 18,
    "body": "If you're preparing for a QA (Quality Assurance) Intern interview, you're already one step ahead. QA roles are crucial in software development, and companies look for candidates who have strong fundamentals, attention to detail, and problem-solving skills.\r\n\r\nHere are the top 5 tips to help you crack your QA Intern interview confidently.\r\n\r\n1️⃣ Understand Software Testing Fundamentals\r\n\r\nMake sure you are clear with basic concepts:\r\n\r\nWhat is Software Testing?\r\n\r\nDifference between Manual Testing vs Automation Testing\r\n\r\nWhat is SDLC & STLC?\r\n\r\nTypes of Testing (Unit, Integration, System, UAT)\r\n\r\nBlack Box vs White Box Testing\r\n\r\nBug Life Cycle\r\n\r\nInterviewers usually start with fundamentals. If your basics are strong, you automatically gain confidence.\r\n\r\n2️⃣ Be Clear with Test Cases & Bug Reporting\r\n\r\nYou should know:\r\n\r\nHow to write proper test cases\r\n\r\nWhat makes a good test case\r\n\r\nHow to write clear and reproducible bug reports\r\n\r\nCommon question:\r\n\r\nHow would you test a login page?\r\n\r\nPrepare structured answers with:\r\n\r\nPositive test cases\r\n\r\nNegative test cases\r\n\r\nEdge cases\r\n\r\n3️⃣ Learn Basic Tools (Even If You Are a Fresher)\r\n\r\nEven for internships, knowing tools gives you an edge:\r\n\r\nJira (bug tracking)\r\n\r\nPostman (API testing basics)\r\n\r\nSelenium (basic idea)\r\n\r\nBrowser DevTools\r\n\r\nYou don't need to be an expert — just show that you've explored them.",
    "featured_image": "",
    "category": 6,
    "publish_date": "2026-02-28T08:31:20.710Z",
    "created_date": "2026-02-28T08:31:20.713Z",
    "updated_date": "2026-02-28T08:31:20.713Z",
    "status": "published",
    "access_level": "free",
    "view_count": 4
  }
},
{
  "model": "blog.post",
  "pk": 17,
  "fields": {
    "title": "RAG vs Fine-Tuning: Choosing the Right AI Strategy in 2026",
    "slug": "rag-vs-fine-tuning-choosing-the-right-ai-strategy-in-2026",
    "excerpt": "The Great AI Debate\nAs large language models become the backbone of modern applications, developers face a critical choice: Retrieval-Augmented Generation...",
    "author": 3,
    "body": "<h2>The Great AI Debate</h2>\n<p>As large language models become the backbone of modern applications, developers face a critical choice: <strong>Retrieval-Augmented Generation (RAG)</strong> or <strong>fine-tuning</strong>? Each approach has distinct advantages, and the right choice depends on your use case, budget, and data.</p>\n\n<h3>What is RAG?</h3>\n<p>RAG combines a retrieval system (like a vector database) with a generative model. Instead of retraining the model, you feed it relevant context at inference time. This is ideal for knowledge bases, documentation search, and customer support bots.</p>\n\n<h3>What is Fine-Tuning?</h3>\n<p>Fine-tuning involves training an existing model on your specific dataset. The model learns your domain's patterns, terminology, and style. It's best for specialized tasks like medical diagnosis, legal document analysis, or code generation in a specific framework.</p>\n\n<h3>When to Use Each</h3>\n<ul>\n<li><strong>RAG:</strong> Dynamic data, frequently changing knowledge, cost-sensitive projects</li>\n<li><strong>Fine-Tuning:</strong> Stable domain, specific output format, performance-critical tasks</li>\n<li><strong>Hybrid:</strong> Fine-tune a base model AND use RAG for real-time context — the best of both worlds</li>\n</ul>\n\n<h3>Cost Comparison</h3>\n<p>RAG is generally cheaper upfront — you only pay for embeddings and vector storage. Fine-tuning requires GPU compute time and careful dataset curation. However, fine-tuned models often have lower per-query costs since they don't need retrieval overhead.</p>\n\n<p>In 2026, the trend is clear: <strong>start with RAG, fine-tune when you hit a ceiling</strong>. Most production systems will use a hybrid approach combining both strategies.</p>",
    "featured_image": "",
    "category": 2,
    "publish_date": "2026-02-01T09:56:02.949Z",
    "created_date": "2026-02-28T09:56:02.950Z",
    "updated_date": "2026-02-28T09:56:02.950Z",
    "status": "published",
    "access_level": "free",
    "view_count": 0
  }
},
{
  "model": "blog.post",
  "pk": 18,
  "fields": {
    "title": "Building Your First AI Agent with Python and OpenAI",
    "slug": "building-your-first-ai-agent-with-python-and-openai",
    "excerpt": "From Chatbots to Autonomous Agents\nAI agents go beyond simple chatbots — they can plan, use tools, browse the web, write code, and execute multi-step tasks...",
    "author": 3,
    "body": "<h2>From Chatbots to Autonomous Agents</h2>\n<p>AI agents go beyond simple chatbots — they can plan, use tools, browse the web, write code, and execute multi-step tasks autonomously. In this guide, we'll build a functional AI agent from scratch using Python and OpenAI's API.</p>\n\n<h3>What Makes an Agent Different?</h3>\n<p>A chatbot responds to a single message. An <strong>agent</strong> can:</p>\n<ul>\n<li>Break down complex tasks into steps</li>\n<li>Call external tools (APIs, databases, file systems)</li>\n<li>Maintain memory across interactions</li>\n<li>Self-correct when something goes wrong</li>\n</ul>\n\n<h3>The Core Loop</h3>\n<pre><code>while not task_complete:\n    thought = llm.think(context)\n    action = llm.choose_tool(thought)\n    result = execute_tool(action)\n    context.append(result)\n    task_complete = llm.evaluate(context)</code></pre>\n\n<h3>Tool Definition</h3>\n<p>Define tools as functions with clear descriptions. The LLM decides which tool to call based on the current context. Common tools include: web search, code execution, file I/O, database queries, and API calls.</p>\n\n<h3>Safety Guardrails</h3>\n<p>Always implement: maximum iteration limits, output validation, human-in-the-loop for destructive actions, and cost tracking. An agent without guardrails is a recipe for disaster.</p>\n\n<p>The agent paradigm is transforming software development. Start small, add tools incrementally, and always test with edge cases.</p>",
    "featured_image": "",
    "category": 2,
    "publish_date": "2026-02-11T09:56:03.018Z",
    "created_date": "2026-02-28T09:56:03.018Z",
    "updated_date": "2026-02-28T09:56:03.018Z",
    "status": "published",
    "access_level": "free",
    "view_count": 0
  }
},
{
  "model": "blog.post",
  "pk": 19,
  "fields": {
    "title": "Tailwind CSS v4: What's New and Migration Guide",
    "slug": "tailwind-css-v4-whats-new-and-migration-guide",
    "excerpt": "Tailwind CSS v4: A Complete Overhaul\nTailwind CSS v4 represents the biggest change since the framework's inception. Built on a new high-performance engine...",
    "author": 3,
    "body": "<h2>Tailwind CSS v4: A Complete Overhaul</h2>\n<p>Tailwind CSS v4 represents the biggest change since the framework's inception. Built on a new high-performance engine written in Rust, it's <strong>10x faster</strong> than v3 and introduces a fundamentally new configuration approach.</p>\n\n<h3>Key Changes</h3>\n<ul>\n<li><strong>CSS-first configuration:</strong> No more <code>tailwind.config.js</code> — configure everything in CSS with <code>@theme</code></li>\n<li><strong>Automatic content detection:</strong> No need to specify content paths</li>\n<li><strong>New 3D transform utilities:</strong> <code>rotate-x-45</code>, <code>perspective-800</code></li>\n<li><strong>Container queries built-in:</strong> <code>@container</code> support without plugins</li>\n<li><strong>Native cascade layers:</strong> Better specificity management</li>\n</ul>\n\n<h3>Migration from v3</h3>\n<p>Run the official migration tool:</p>\n<pre><code>npx @tailwindcss/upgrade</code></pre>\n<p>This handles most breaking changes automatically. Manual updates needed for: custom plugins, JavaScript config references, and PostCSS setup changes.</p>\n\n<h3>Performance Wins</h3>\n<p>The Rust-based engine compiles a 10,000-class project in under 100ms (vs ~800ms in v3). Hot reload is nearly instant. This makes Tailwind v4 viable for even the largest enterprise projects.</p>\n\n<p>If you're starting a new project in 2026, go with v4. For existing projects, the migration tool makes upgrading straightforward.</p>",
    "featured_image": "",
    "category": 1,
    "publish_date": "2026-02-03T09:56:03.063Z",
    "created_date": "2026-02-28T09:56:03.063Z",
    "updated_date": "2026-02-28T09:56:03.063Z",
    "status": "published",
    "access_level": "free",
    "view_count": 0
  }
},
{
  "model": "blog.post",
  "pk": 20,
  "fields": {
    "title": "PostgreSQL Performance Tuning: From Slow Queries to Sub-Millisecond",
    "slug": "postgresql-performance-tuning-from-slow-queries-to-sub-millisecond",
    "excerpt": "Mastering PostgreSQL Performance\nEvery web application eventually hits a database bottleneck. PostgreSQL is incredibly powerful, but like any tool, it needs...",
    "author": 3,
    "body": "<h2>Mastering PostgreSQL Performance</h2>\n<p>Every web application eventually hits a database bottleneck. PostgreSQL is incredibly powerful, but like any tool, it needs proper tuning. This guide covers the most impactful optimizations for production systems.</p>\n\n<h3>1. EXPLAIN ANALYZE Everything</h3>\n<p>Before optimizing, measure. Use <code>EXPLAIN (ANALYZE, BUFFERS, FORMAT TEXT)</code> to understand exactly how PostgreSQL executes your query. Look for sequential scans on large tables, nested loops, and high buffer reads.</p>\n\n<h3>2. Index Strategy</h3>\n<ul>\n<li><strong>B-tree:</strong> Default, great for equality and range queries</li>\n<li><strong>GIN:</strong> Full-text search, JSONB, and array columns</li>\n<li><strong>BRIN:</strong> Huge tables with naturally ordered data (timestamps)</li>\n<li><strong>Partial indexes:</strong> Index only rows that matter: <code>WHERE status = 'active'</code></li>\n</ul>\n\n<h3>3. Connection Pooling</h3>\n<p>PostgreSQL creates a new process per connection. Use PgBouncer or built-in connection pooling to handle hundreds of concurrent users without exhausting server resources.</p>\n\n<h3>4. Query Optimization Patterns</h3>\n<ul>\n<li>Replace <code>SELECT *</code> with specific columns</li>\n<li>Use <code>EXISTS</code> instead of <code>COUNT(*) > 0</code></li>\n<li>Batch inserts with <code>COPY</code> instead of individual INSERTs</li>\n<li>Leverage CTEs for complex queries but beware of optimization barriers</li>\n</ul>\n\n<h3>5. Configuration Tuning</h3>\n<p>Key settings to adjust: <code>shared_buffers</code> (25% of RAM), <code>effective_cache_size</code> (75% of RAM), <code>work_mem</code> (per-query sort memory), and <code>random_page_cost</code> (lower for SSDs).</p>\n\n<p>A well-tuned PostgreSQL instance can handle millions of rows with sub-millisecond query times. Start with EXPLAIN, add targeted indexes, and tune configuration for your hardware.</p>",
    "featured_image": "",
    "category": 1,
    "publish_date": "2026-02-27T09:56:03.114Z",
    "created_date": "2026-02-28T09:56:03.114Z",
    "updated_date": "2026-02-28T09:56:03.114Z",
    "status": "published",
    "access_level": "premium",
    "view_count": 0
  }
},
{
  "model": "blog.post",
  "pk": 21,
  "fields": {
    "title": "GitHub Actions CI/CD: Automate Everything in Your Pipeline",
    "slug": "github-actions-cicd-automate-everything-in-your-pipeline",
    "excerpt": "CI/CD with GitHub Actions\nGitHub Actions has become the go-to CI/CD platform for modern development teams. It's free for public repos, deeply integrated with...",
    "author": 3,
    "body": "<h2>CI/CD with GitHub Actions</h2>\n<p>GitHub Actions has become the go-to CI/CD platform for modern development teams. It's free for public repos, deeply integrated with GitHub, and powerful enough to handle complex deployment pipelines.</p>\n\n<h3>Your First Workflow</h3>\n<p>Create <code>.github/workflows/ci.yml</code>:</p>\n<pre><code>name: CI Pipeline\non: [push, pull_request]\njobs:\n  test:\n    runs-on: ubuntu-latest\n    steps:\n      - uses: actions/checkout@v4\n      - uses: actions/setup-python@v5\n        with:\n          python-version: '3.12'\n      - run: pip install -r requirements.txt\n      - run: python manage.py test</code></pre>\n\n<h3>Key Concepts</h3>\n<ul>\n<li><strong>Triggers:</strong> push, pull_request, schedule, workflow_dispatch</li>\n<li><strong>Jobs:</strong> Run in parallel by default, use <code>needs:</code> for dependencies</li>\n<li><strong>Secrets:</strong> Store API keys in Settings → Secrets → Actions</li>\n<li><strong>Matrix builds:</strong> Test across multiple Python/Node versions simultaneously</li>\n</ul>\n\n<h3>Deployment to Railway</h3>\n<p>Railway auto-deploys from GitHub, but you can add a health check step after deploy:</p>\n<pre><code>- name: Health Check\n  run: |\n    sleep 30\n    curl -f https://your-app.up.railway.app/ || exit 1</code></pre>\n\n<h3>Pro Tips</h3>\n<ul>\n<li>Cache pip/npm dependencies to speed up builds by 60%</li>\n<li>Use <code>concurrency</code> groups to cancel redundant runs</li>\n<li>Add status badges to your README</li>\n</ul>\n\n<p>A solid CI/CD pipeline catches bugs early, enforces code quality, and makes deployments boring — which is exactly what you want.</p>",
    "featured_image": "",
    "category": 3,
    "publish_date": "2026-02-26T09:56:03.168Z",
    "created_date": "2026-02-28T09:56:03.169Z",
    "updated_date": "2026-02-28T09:56:03.169Z",
    "status": "published",
    "access_level": "free",
    "view_count": 0
  }
},
{
  "model": "blog.post",
  "pk": 22,
  "fields": {
    "title": "Terraform vs Pulumi: Infrastructure as Code in 2026",
    "slug": "terraform-vs-pulumi-infrastructure-as-code-in-2026",
    "excerpt": "Infrastructure as Code: The 2026 Landscape\nManaging cloud infrastructure manually is a relic of the past. Infrastructure as Code (IaC) tools let you define,...",
    "author": 3,
    "body": "<h2>Infrastructure as Code: The 2026 Landscape</h2>\n<p>Managing cloud infrastructure manually is a relic of the past. Infrastructure as Code (IaC) tools let you define, version, and automate your entire cloud setup. The two leading contenders: <strong>Terraform</strong> (by HashiCorp) and <strong>Pulumi</strong>.</p>\n\n<h3>Terraform: The Industry Standard</h3>\n<p>Terraform uses HCL (HashiCorp Configuration Language), a declarative DSL. It's battle-tested, has the largest provider ecosystem (3,000+ providers), and is the default choice for most enterprises.</p>\n<pre><code>resource \"aws_instance\" \"web\" {\n  ami           = \"ami-0c55b159cbfafe1f0\"\n  instance_type = \"t3.micro\"\n  tags = { Name = \"web-server\" }\n}</code></pre>\n\n<h3>Pulumi: Code Over Configuration</h3>\n<p>Pulumi lets you write infrastructure in Python, TypeScript, Go, or C#. No new language to learn. Full IDE support, testing frameworks, and abstraction capabilities.</p>\n<pre><code>import pulumi_aws as aws\nserver = aws.ec2.Instance(\"web\",\n    ami=\"ami-0c55b159cbfafe1f0\",\n    instance_type=\"t3.micro\",\n    tags={\"Name\": \"web-server\"}\n)</code></pre>\n\n<h3>How to Choose</h3>\n<table>\n<tr><th>Factor</th><th>Terraform</th><th>Pulumi</th></tr>\n<tr><td>Language</td><td>HCL (DSL)</td><td>Python/TS/Go/C#</td></tr>\n<tr><td>Learning curve</td><td>New syntax</td><td>Use existing skills</td></tr>\n<tr><td>Ecosystem</td><td>Largest</td><td>Growing fast</td></tr>\n<tr><td>State management</td><td>File/Cloud</td><td>Built-in cloud</td></tr>\n<tr><td>Testing</td><td>Limited</td><td>Native unit tests</td></tr>\n</table>\n\n<p><strong>Verdict:</strong> Use Terraform if your team already knows it or you need maximum provider coverage. Choose Pulumi if you want to leverage existing programming skills and need complex logic in your infrastructure code.</p>",
    "featured_image": "",
    "category": 3,
    "publish_date": "2026-01-30T09:56:03.215Z",
    "created_date": "2026-02-28T09:56:03.216Z",
    "updated_date": "2026-02-28T09:56:03.216Z",
    "status": "published",
    "access_level": "premium",
    "view_count": 0
  }
},
{
  "model": "blog.post",
  "pk": 23,
  "fields": {
    "title": "Building Offline-First Mobile Apps with SQLite and Sync",
    "slug": "building-offline-first-mobile-apps-with-sqlite-and-sync",
    "excerpt": "Why Offline-First Matters\nUsers expect apps to work everywhere — in subways, airplanes, and areas with spotty coverage. An offline-first architecture ensures...",
    "author": 3,
    "body": "<h2>Why Offline-First Matters</h2>\n<p>Users expect apps to work everywhere — in subways, airplanes, and areas with spotty coverage. An offline-first architecture ensures your app is always functional, syncing data when connectivity returns.</p>\n\n<h3>The Architecture</h3>\n<ol>\n<li><strong>Local database (SQLite/WatermelonDB):</strong> All reads and writes go to local storage first</li>\n<li><strong>Sync engine:</strong> Background process that pushes local changes to the server and pulls remote updates</li>\n<li><strong>Conflict resolution:</strong> Strategy for handling simultaneous edits (last-write-wins, merge, or manual)</li>\n</ol>\n\n<h3>SQLite in React Native</h3>\n<p>Use <code>expo-sqlite</code> or <code>react-native-quick-sqlite</code> for blazing-fast local queries:</p>\n<pre><code>import * as SQLite from 'expo-sqlite';\nconst db = await SQLite.openDatabaseAsync('app.db');\nawait db.execAsync('CREATE TABLE IF NOT EXISTS tasks (id TEXT PRIMARY KEY, title TEXT, done INTEGER, synced INTEGER DEFAULT 0)');\n\n// Write locally\nawait db.runAsync('INSERT INTO tasks (id, title, done) VALUES (?, ?, ?)', [uuid(), 'Buy groceries', 0]);\n\n// Sync unsynced records\nconst unsynced = await db.getAllAsync('SELECT * FROM tasks WHERE synced = 0');</code></pre>\n\n<h3>Sync Strategies</h3>\n<ul>\n<li><strong>Push-based:</strong> Client pushes changes on reconnect. Simple but can miss server updates.</li>\n<li><strong>Pull-based:</strong> Client polls for changes. Higher bandwidth but reliable.</li>\n<li><strong>WebSocket:</strong> Real-time bidirectional sync. Best UX but complex to implement.</li>\n</ul>\n\n<h3>Conflict Resolution</h3>\n<p>The hardest part. Options: timestamp-based (last write wins), field-level merging, or operational transforms (like Google Docs). For most apps, last-write-wins with a \"modified_at\" timestamp is sufficient.</p>\n\n<p>Offline-first isn't just for travel apps — it dramatically improves perceived performance for every mobile application.</p>",
    "featured_image": "",
    "category": 4,
    "publish_date": "2026-01-29T09:56:03.268Z",
    "created_date": "2026-02-28T09:56:03.268Z",
    "updated_date": "2026-02-28T09:56:03.268Z",
    "status": "published",
    "access_level": "free",
    "view_count": 0
  }
},
{
  "model": "blog.post",
  "pk": 24,
  "fields": {
    "title": "Designing Accessible Web Apps: A Developer's Practical Guide",
    "slug": "designing-accessible-web-apps-a-developers-practical-guide",
    "excerpt": "Accessibility is Not Optional\nOver 1 billion people worldwide live with some form of disability. Building accessible applications isn't just the right thing to...",
    "author": 3,
    "body": "<h2>Accessibility is Not Optional</h2>\n<p>Over 1 billion people worldwide live with some form of disability. Building accessible applications isn't just the right thing to do — it's a legal requirement in many jurisdictions and improves UX for everyone.</p>\n\n<h3>The WCAG 2.2 Essentials</h3>\n<p>Focus on four principles: <strong>Perceivable, Operable, Understandable, Robust (POUR)</strong>.</p>\n\n<h3>Quick Wins (Under 30 Minutes)</h3>\n<ul>\n<li><strong>Alt text:</strong> Every <code>&lt;img&gt;</code> needs descriptive alt text. Decorative images get <code>alt=\"\"</code></li>\n<li><strong>Color contrast:</strong> Minimum 4.5:1 ratio for text. Use tools like WebAIM Contrast Checker</li>\n<li><strong>Keyboard navigation:</strong> Every interactive element must be reachable via Tab key</li>\n<li><strong>Form labels:</strong> Every input needs an associated <code>&lt;label&gt;</code> element</li>\n<li><strong>Heading hierarchy:</strong> Use h1 → h2 → h3 in order, never skip levels</li>\n</ul>\n\n<h3>ARIA: Use With Caution</h3>\n<p>The first rule of ARIA is: <strong>don't use ARIA</strong> if a native HTML element works. A <code>&lt;button&gt;</code> is always better than <code>&lt;div role=\"button\"&gt;</code>. Use ARIA only for complex widgets like modals, tabs, and custom dropdowns.</p>\n\n<h3>Testing Checklist</h3>\n<ol>\n<li>Navigate your entire app using only the keyboard</li>\n<li>Run Lighthouse accessibility audit (aim for 90+)</li>\n<li>Test with a screen reader (VoiceOver on Mac, NVDA on Windows)</li>\n<li>Verify all forms work without a mouse</li>\n<li>Check color contrast on every page</li>\n</ol>\n\n<p>Accessibility benefits everyone: captions help in noisy environments, keyboard navigation helps power users, and high contrast helps in bright sunlight. Build for all.</p>",
    "featured_image": "",
    "category": 5,
    "publish_date": "2026-02-17T09:56:03.315Z",
    "created_date": "2026-02-28T09:56:03.315Z",
    "updated_date": "2026-02-28T09:56:03.315Z",
    "status": "published",
    "access_level": "free",
    "view_count": 0
  }
},
{
  "model": "blog.post",
  "pk": 25,
  "fields": {
    "title": "The Staff Engineer Path: Growing Beyond Senior Developer",
    "slug": "the-staff-engineer-path-growing-beyond-senior-developer",
    "excerpt": "What Comes After Senior?\nYou've been a senior developer for years. You're productive, respected, and comfortable. But what's next? The Staff Engineer role...",
    "author": 3,
    "body": "<h2>What Comes After Senior?</h2>\n<p>You've been a senior developer for years. You're productive, respected, and comfortable. But what's next? The <strong>Staff Engineer</strong> role represents a fork in the road: technical leadership without people management.</p>\n\n<h3>The Four Staff Archetypes</h3>\n<ul>\n<li><strong>Tech Lead:</strong> Guides a single team's technical direction. Closest to hands-on coding.</li>\n<li><strong>Architect:</strong> Designs systems spanning multiple teams. Focuses on technical vision and standards.</li>\n<li><strong>Solver:</strong> Parachutes into the hardest problems across the organization. Deep specialist.</li>\n<li><strong>Right Hand:</strong> Extends an executive's reach. Handles cross-org technical strategy.</li>\n</ul>\n\n<h3>Skills That Matter More at Staff Level</h3>\n<ol>\n<li><strong>Writing:</strong> RFCs, design docs, technical strategy memos. Your influence scales through documents.</li>\n<li><strong>Navigating ambiguity:</strong> Senior engineers get well-defined problems. Staff engineers define the problems.</li>\n<li><strong>Stakeholder management:</strong> Translating technical decisions into business impact for leadership.</li>\n<li><strong>Mentorship:</strong> Your success is measured by how much you multiply others' output.</li>\n<li><strong>Saying no:</strong> Protecting the team from scope creep, unnecessary complexity, and shiny-object syndrome.</li>\n</ol>\n\n<h3>How to Get There</h3>\n<p>Don't wait for promotion. Start doing Staff-level work now:</p>\n<ul>\n<li>Write a technical strategy document for your domain</li>\n<li>Identify and fix a cross-team pain point</li>\n<li>Mentor 2-3 engineers consistently</li>\n<li>Present at company-wide tech talks</li>\n<li>Lead a multi-quarter project from proposal to delivery</li>\n</ul>\n\n<p>The path to Staff is less about writing more code and more about having broader organizational impact. Start making the invisible work visible.</p>",
    "featured_image": "",
    "category": 6,
    "publish_date": "2026-02-23T09:56:03.368Z",
    "created_date": "2026-02-28T09:56:03.369Z",
    "updated_date": "2026-02-28T09:56:03.369Z",
    "status": "published",
    "access_level": "free",
    "view_count": 0
  }
},
{
  "model": "blog.post",
  "pk": 26,
  "fields": {
    "title": "System Design Interview: Complete Preparation Roadmap 2026",
    "slug": "system-design-interview-complete-preparation-roadmap-2026",
    "excerpt": "Cracking the System Design Interview\nSystem design interviews are the most challenging — and highest-leverage — part of senior engineering interviews. Unlike...",
    "author": 3,
    "body": "<h2>Cracking the System Design Interview</h2>\n<p>System design interviews are the most challenging — and highest-leverage — part of senior engineering interviews. Unlike coding problems, there's no single right answer. Interviewers evaluate your ability to think at scale, make trade-offs, and communicate clearly.</p>\n\n<h3>The Framework (Use This Every Time)</h3>\n<ol>\n<li><strong>Clarify requirements (5 min):</strong> Functional vs non-functional. Users, scale, latency targets.</li>\n<li><strong>High-level design (10 min):</strong> Draw the major components — clients, load balancers, services, databases, caches.</li>\n<li><strong>Deep dive (15 min):</strong> Pick 2-3 components and design them in detail.</li>\n<li><strong>Trade-offs & bottlenecks (5 min):</strong> Where will this break? How would you scale further?</li>\n</ol>\n\n<h3>Must-Know Building Blocks</h3>\n<table>\n<tr><th>Component</th><th>When to Use</th></tr>\n<tr><td>Load Balancer</td><td>Distribute traffic across servers</td></tr>\n<tr><td>CDN</td><td>Static assets, global content delivery</td></tr>\n<tr><td>Message Queue</td><td>Async processing, decoupling services</td></tr>\n<tr><td>Redis Cache</td><td>Reduce DB load, session storage</td></tr>\n<tr><td>Database Sharding</td><td>Horizontal scaling beyond single DB</td></tr>\n<tr><td>Consistent Hashing</td><td>Distributed cache, partition assignment</td></tr>\n</table>\n\n<h3>Top 10 Problems to Practice</h3>\n<ol>\n<li>Design URL Shortener (TinyURL)</li>\n<li>Design Twitter/X Feed</li>\n<li>Design WhatsApp/Chat System</li>\n<li>Design Netflix/YouTube Streaming</li>\n<li>Design Google Drive/Dropbox</li>\n<li>Design Rate Limiter</li>\n<li>Design Notification System</li>\n<li>Design Search Autocomplete</li>\n<li>Design Payment System</li>\n<li>Design Distributed Cache</li>\n</ol>\n\n<h3>Common Mistakes</h3>\n<ul>\n<li>Jumping into solution without clarifying requirements</li>\n<li>Over-engineering for scale you don't need yet</li>\n<li>Ignoring failure scenarios and edge cases</li>\n<li>Not discussing monitoring and observability</li>\n</ul>\n\n<p>Practice by designing one system per week. Draw it on a whiteboard, estimate numbers, and explain it out loud. The ability to communicate your design matters as much as the design itself.</p>",
    "featured_image": "",
    "category": 6,
    "publish_date": "2026-02-19T09:56:03.429Z",
    "created_date": "2026-02-28T09:56:03.429Z",
    "updated_date": "2026-02-28T09:56:03.429Z",
    "status": "published",
    "access_level": "premium",
    "view_count": 0
  }
},
{
  "model": "blog.comment",
  "pk": 20,
  "fields": {
    "post": 8,
    "author": 1,
    "body": "Great tutorial! DRF is amazing for building APIs quickly.",
    "created_date": "2026-02-10T07:08:18.231Z",
    "parent": null
  }
},
{
  "model": "blog.comment",
  "pk": 21,
  "fields": {
    "post": 8,
    "author": 2,
    "body": "This helped me set up my first API. Thanks!",
    "created_date": "2026-02-10T07:08:18.237Z",
    "parent": null
  }
},
{
  "model": "blog.comment",
  "pk": 22,
  "fields": {
    "post": 3,
    "author": 3,
    "body": "Prompt engineering is such an underrated skill. Bookmarked this.",
    "created_date": "2026-02-10T07:08:18.243Z",
    "parent": null
  }
},
{
  "model": "blog.comment",
  "pk": 23,
  "fields": {
    "post": 5,
    "author": 1,
    "body": "I switched from React Native to Flutter last year and never looked back.",
    "created_date": "2026-02-10T07:08:18.250Z",
    "parent": null
  }
},
{
  "model": "blog.comment",
  "pk": 24,
  "fields": {
    "post": 5,
    "author": 4,
    "body": "Both are great choices honestly. Depends on the team.",
    "created_date": "2026-02-10T07:08:18.256Z",
    "parent": null
  }
},
{
  "model": "blog.comment",
  "pk": 25,
  "fields": {
    "post": 7,
    "author": 2,
    "body": "Error Lens is a game changer! Cannot code without it now.",
    "created_date": "2026-02-10T07:08:18.261Z",
    "parent": null
  }
},
{
  "model": "blog.comment",
  "pk": 26,
  "fields": {
    "post": 7,
    "author": 6,
    "body": "Would add Vim extension to this list too!",
    "created_date": "2026-02-10T07:08:18.267Z",
    "parent": null
  }
},
{
  "model": "blog.comment",
  "pk": 27,
  "fields": {
    "post": 11,
    "author": 1,
    "body": "Server components changed everything for our production app.",
    "created_date": "2026-02-10T07:08:18.273Z",
    "parent": null
  }
},
{
  "model": "blog.comment",
  "pk": 28,
  "fields": {
    "post": 10,
    "author": 2,
    "body": "LangGraph is incredible for building complex workflows.",
    "created_date": "2026-02-10T07:08:18.280Z",
    "parent": null
  }
},
{
  "model": "blog.comment",
  "pk": 29,
  "fields": {
    "post": 4,
    "author": 4,
    "body": "Kubernetes learning curve is steep but so worth it.",
    "created_date": "2026-02-10T07:08:18.286Z",
    "parent": null
  }
},
{
  "model": "blog.comment",
  "pk": 30,
  "fields": {
    "post": 9,
    "author": 3,
    "body": "Async Python is a must-know for any backend dev in 2026.",
    "created_date": "2026-02-10T07:08:18.292Z",
    "parent": null
  }
},
{
  "model": "blog.comment",
  "pk": 31,
  "fields": {
    "post": 6,
    "author": 1,
    "body": "Design tokens are the foundation of any good design system.",
    "created_date": "2026-02-10T07:08:18.297Z",
    "parent": null
  }
},
{
  "model": "blog.comment",
  "pk": 34,
  "fields": {
    "post": 3,
    "author": 11,
    "body": "This was very helpful for me in learning Django",
    "created_date": "2026-02-28T08:17:06.594Z",
    "parent": null
  }
},
{
  "model": "blog.comment",
  "pk": 35,
  "fields": {
    "post": 5,
    "author": 11,
    "body": "Very helpful",
    "created_date": "2026-02-28T08:18:01.235Z",
    "parent": null
  }
},
{
  "model": "blog.like",
  "pk": 13,
  "fields": {
    "post": 8,
    "user": 3,
    "created_date": "2026-02-10T07:08:17.974Z"
  }
},
{
  "model": "blog.like",
  "pk": 14,
  "fields": {
    "post": 8,
    "user": 6,
    "created_date": "2026-02-10T07:08:17.982Z"
  }
},
{
  "model": "blog.like",
  "pk": 15,
  "fields": {
    "post": 8,
    "user": 7,
    "created_date": "2026-02-10T07:08:17.989Z"
  }
},
{
  "model": "blog.like",
  "pk": 16,
  "fields": {
    "post": 8,
    "user": 2,
    "created_date": "2026-02-10T07:08:17.996Z"
  }
},
{
  "model": "blog.like",
  "pk": 17,
  "fields": {
    "post": 8,
    "user": 4,
    "created_date": "2026-02-10T07:08:18.003Z"
  }
},
{
  "model": "blog.like",
  "pk": 18,
  "fields": {
    "post": 8,
    "user": 1,
    "created_date": "2026-02-10T07:08:18.009Z"
  }
},
{
  "model": "blog.like",
  "pk": 19,
  "fields": {
    "post": 3,
    "user": 3,
    "created_date": "2026-02-10T07:08:18.017Z"
  }
},
{
  "model": "blog.like",
  "pk": 20,
  "fields": {
    "post": 3,
    "user": 4,
    "created_date": "2026-02-10T07:08:18.024Z"
  }
},
{
  "model": "blog.like",
  "pk": 21,
  "fields": {
    "post": 4,
    "user": 1,
    "created_date": "2026-02-10T07:08:18.030Z"
  }
},
{
  "model": "blog.like",
  "pk": 22,
  "fields": {
    "post": 4,
    "user": 6,
    "created_date": "2026-02-10T07:08:18.036Z"
  }
},
{
  "model": "blog.like",
  "pk": 23,
  "fields": {
    "post": 4,
    "user": 2,
    "created_date": "2026-02-10T07:08:18.044Z"
  }
},
{
  "model": "blog.like",
  "pk": 24,
  "fields": {
    "post": 4,
    "user": 3,
    "created_date": "2026-02-10T07:08:18.050Z"
  }
},
{
  "model": "blog.like",
  "pk": 25,
  "fields": {
    "post": 4,
    "user": 7,
    "created_date": "2026-02-10T07:08:18.057Z"
  }
},
{
  "model": "blog.like",
  "pk": 26,
  "fields": {
    "post": 5,
    "user": 3,
    "created_date": "2026-02-10T07:08:18.063Z"
  }
},
{
  "model": "blog.like",
  "pk": 27,
  "fields": {
    "post": 5,
    "user": 6,
    "created_date": "2026-02-10T07:08:18.070Z"
  }
},
{
  "model": "blog.like",
  "pk": 28,
  "fields": {
    "post": 5,
    "user": 1,
    "created_date": "2026-02-10T07:08:18.078Z"
  }
},
{
  "model": "blog.like",
  "pk": 29,
  "fields": {
    "post": 6,
    "user": 6,
    "created_date": "2026-02-10T07:08:18.084Z"
  }
},
{
  "model": "blog.like",
  "pk": 30,
  "fields": {
    "post": 6,
    "user": 1,
    "created_date": "2026-02-10T07:08:18.091Z"
  }
},
{
  "model": "blog.like",
  "pk": 31,
  "fields": {
    "post": 6,
    "user": 3,
    "created_date": "2026-02-10T07:08:18.098Z"
  }
},
{
  "model": "blog.like",
  "pk": 32,
  "fields": {
    "post": 6,
    "user": 4,
    "created_date": "2026-02-10T07:08:18.106Z"
  }
},
{
  "model": "blog.like",
  "pk": 33,
  "fields": {
    "post": 6,
    "user": 2,
    "created_date": "2026-02-10T07:08:18.112Z"
  }
},
{
  "model": "blog.like",
  "pk": 34,
  "fields": {
    "post": 7,
    "user": 7,
    "created_date": "2026-02-10T07:08:18.119Z"
  }
},
{
  "model": "blog.like",
  "pk": 35,
  "fields": {
    "post": 7,
    "user": 4,
    "created_date": "2026-02-10T07:08:18.127Z"
  }
},
{
  "model": "blog.like",
  "pk": 36,
  "fields": {
    "post": 7,
    "user": 2,
    "created_date": "2026-02-10T07:08:18.134Z"
  }
},
{
  "model": "blog.like",
  "pk": 37,
  "fields": {
    "post": 7,
    "user": 1,
    "created_date": "2026-02-10T07:08:18.140Z"
  }
},
{
  "model": "blog.like",
  "pk": 38,
  "fields": {
    "post": 9,
    "user": 7,
    "created_date": "2026-02-10T07:08:18.146Z"
  }
},
{
  "model": "blog.like",
  "pk": 39,
  "fields": {
    "post": 9,
    "user": 1,
    "created_date": "2026-02-10T07:08:18.153Z"
  }
},
{
  "model": "blog.like",
  "pk": 40,
  "fields": {
    "post": 9,
    "user": 6,
    "created_date": "2026-02-10T07:08:18.160Z"
  }
},
{
  "model": "blog.like",
  "pk": 41,
  "fields": {
    "post": 9,
    "user": 2,
    "created_date": "2026-02-10T07:08:18.167Z"
  }
},
{
  "model": "blog.like",
  "pk": 42,
  "fields": {
    "post": 9,
    "user": 3,
    "created_date": "2026-02-10T07:08:18.173Z"
  }
},
{
  "model": "blog.like",
  "pk": 43,
  "fields": {
    "post": 10,
    "user": 3,
    "created_date": "2026-02-10T07:08:18.180Z"
  }
},
{
  "model": "blog.like",
  "pk": 44,
  "fields": {
    "post": 10,
    "user": 7,
    "created_date": "2026-02-10T07:08:18.187Z"
  }
},
{
  "model": "blog.like",
  "pk": 45,
  "fields": {
    "post": 10,
    "user": 1,
    "created_date": "2026-02-10T07:08:18.193Z"
  }
},
{
  "model": "blog.like",
  "pk": 46,
  "fields": {
    "post": 10,
    "user": 2,
    "created_date": "2026-02-10T07:08:18.199Z"
  }
},
{
  "model": "blog.like",
  "pk": 47,
  "fields": {
    "post": 10,
    "user": 6,
    "created_date": "2026-02-10T07:08:18.206Z"
  }
},
{
  "model": "blog.like",
  "pk": 48,
  "fields": {
    "post": 10,
    "user": 4,
    "created_date": "2026-02-10T07:08:18.212Z"
  }
},
{
  "model": "blog.like",
  "pk": 49,
  "fields": {
    "post": 11,
    "user": 4,
    "created_date": "2026-02-10T07:08:18.219Z"
  }
},
{
  "model": "blog.like",
  "pk": 50,
  "fields": {
    "post": 11,
    "user": 3,
    "created_date": "2026-02-10T07:08:18.225Z"
  }
},
{
  "model": "blog.bookmark",
  "pk": 3,
  "fields": {
    "post": 5,
    "user": 11,
    "created_date": "2026-02-28T08:17:36.026Z"
  }
},
{
  "model": "taggit.tag",
  "pk": 1,
  "fields": {
    "name": "#Django",
    "slug": "django"
  }
},
{
  "model": "taggit.tag",
  "pk": 2,
  "fields": {
    "name": "#Python",
    "slug": "python"
  }
},
{
  "model": "taggit.tag",
  "pk": 3,
  "fields": {
    "name": "django",
    "slug": "django_1"
  }
},
{
  "model": "taggit.tag",
  "pk": 4,
  "fields": {
    "name": "python",
    "slug": "python_1"
  }
},
{
  "model": "taggit.tag",
  "pk": 5,
  "fields": {
    "name": "api",
    "slug": "api"
  }
},
{
  "model": "taggit.tag",
  "pk": 6,
  "fields": {
    "name": "rest",
    "slug": "rest"
  }
},
{
  "model": "taggit.tag",
  "pk": 7,
  "fields": {
    "name": "ai",
    "slug": "ai"
  }
},
{
  "model": "taggit.tag",
  "pk": 8,
  "fields": {
    "name": "llm",
    "slug": "llm"
  }
},
{
  "model": "taggit.tag",
  "pk": 9,
  "fields": {
    "name": "prompt-engineering",
    "slug": "prompt-engineering"
  }
},
{
  "model": "taggit.tag",
  "pk": 10,
  "fields": {
    "name": "chatgpt",
    "slug": "chatgpt"
  }
},
{
  "model": "taggit.tag",
  "pk": 11,
  "fields": {
    "name": "docker",
    "slug": "docker"
  }
},
{
  "model": "taggit.tag",
  "pk": 12,
  "fields": {
    "name": "kubernetes",
    "slug": "kubernetes"
  }
},
{
  "model": "taggit.tag",
  "pk": 13,
  "fields": {
    "name": "devops",
    "slug": "devops"
  }
},
{
  "model": "taggit.tag",
  "pk": 14,
  "fields": {
    "name": "cloud",
    "slug": "cloud"
  }
},
{
  "model": "taggit.tag",
  "pk": 15,
  "fields": {
    "name": "react-native",
    "slug": "react-native"
  }
},
{
  "model": "taggit.tag",
  "pk": 16,
  "fields": {
    "name": "flutter",
    "slug": "flutter"
  }
},
{
  "model": "taggit.tag",
  "pk": 17,
  "fields": {
    "name": "mobile",
    "slug": "mobile"
  }
},
{
  "model": "taggit.tag",
  "pk": 18,
  "fields": {
    "name": "cross-platform",
    "slug": "cross-platform"
  }
},
{
  "model": "taggit.tag",
  "pk": 19,
  "fields": {
    "name": "design-systems",
    "slug": "design-systems"
  }
},
{
  "model": "taggit.tag",
  "pk": 20,
  "fields": {
    "name": "ui",
    "slug": "ui"
  }
},
{
  "model": "taggit.tag",
  "pk": 21,
  "fields": {
    "name": "figma",
    "slug": "figma"
  }
},
{
  "model": "taggit.tag",
  "pk": 22,
  "fields": {
    "name": "components",
    "slug": "components"
  }
},
{
  "model": "taggit.tag",
  "pk": 23,
  "fields": {
    "name": "vscode",
    "slug": "vscode"
  }
},
{
  "model": "taggit.tag",
  "pk": 24,
  "fields": {
    "name": "productivity",
    "slug": "productivity"
  }
},
{
  "model": "taggit.tag",
  "pk": 25,
  "fields": {
    "name": "tools",
    "slug": "tools"
  }
},
{
  "model": "taggit.tag",
  "pk": 26,
  "fields": {
    "name": "developer",
    "slug": "developer"
  }
},
{
  "model": "taggit.tag",
  "pk": 27,
  "fields": {
    "name": "async",
    "slug": "async"
  }
},
{
  "model": "taggit.tag",
  "pk": 28,
  "fields": {
    "name": "concurrency",
    "slug": "concurrency"
  }
},
{
  "model": "taggit.tag",
  "pk": 29,
  "fields": {
    "name": "performance",
    "slug": "performance"
  }
},
{
  "model": "taggit.tag",
  "pk": 30,
  "fields": {
    "name": "langchain",
    "slug": "langchain"
  }
},
{
  "model": "taggit.tag",
  "pk": 31,
  "fields": {
    "name": "agents",
    "slug": "agents"
  }
},
{
  "model": "taggit.tag",
  "pk": 32,
  "fields": {
    "name": "nextjs",
    "slug": "nextjs"
  }
},
{
  "model": "taggit.tag",
  "pk": 33,
  "fields": {
    "name": "react",
    "slug": "react"
  }
},
{
  "model": "taggit.tag",
  "pk": 34,
  "fields": {
    "name": "javascript",
    "slug": "javascript"
  }
},
{
  "model": "taggit.tag",
  "pk": 35,
  "fields": {
    "name": "frontend",
    "slug": "frontend"
  }
},
{
  "model": "taggit.tag",
  "pk": 36,
  "fields": {
    "name": "automation",
    "slug": "automation"
  }
},
{
  "model": "taggit.tag",
  "pk": 37,
  "fields": {
    "name": "test",
    "slug": "test"
  }
},
{
  "model": "taggit.tag",
  "pk": 38,
  "fields": {
    "name": "premium",
    "slug": "premium"
  }
},
{
  "model": "taggit.tag",
  "pk": 39,
  "fields": {
    "name": "updated",
    "slug": "updated"
  }
},
{
  "model": "taggit.tag",
  "pk": 40,
  "fields": {
    "name": "QA engineer",
    "slug": "qa-engineer"
  }
},
{
  "model": "taggit.tag",
  "pk": 41,
  "fields": {
    "name": "automation testing",
    "slug": "automation-testing"
  }
},
{
  "model": "taggit.tag",
  "pk": 42,
  "fields": {
    "name": "fresher jobs",
    "slug": "fresher-jobs"
  }
},
{
  "model": "taggit.tag",
  "pk": 43,
  "fields": {
    "name": "interview tips",
    "slug": "interview-tips"
  }
},
{
  "model": "taggit.tag",
  "pk": 44,
  "fields": {
    "name": "manual testing",
    "slug": "manual-testing"
  }
},
{
  "model": "taggit.tag",
  "pk": 45,
  "fields": {
    "name": "qa internship",
    "slug": "qa-internship"
  }
},
{
  "model": "taggit.tag",
  "pk": 46,
  "fields": {
    "name": "software testing",
    "slug": "software-testing"
  }
},
{
  "model": "taggit.tag",
  "pk": 47,
  "fields": {
    "name": "rag",
    "slug": "rag"
  }
},
{
  "model": "taggit.tag",
  "pk": 48,
  "fields": {
    "name": "fine-tuning",
    "slug": "fine-tuning"
  }
},
{
  "model": "taggit.tag",
  "pk": 49,
  "fields": {
    "name": "machine-learning",
    "slug": "machine-learning"
  }
},
{
  "model": "taggit.tag",
  "pk": 50,
  "fields": {
    "name": "openai",
    "slug": "openai"
  }
},
{
  "model": "taggit.tag",
  "pk": 51,
  "fields": {
    "name": "tailwind",
    "slug": "tailwind"
  }
},
{
  "model": "taggit.tag",
  "pk": 52,
  "fields": {
    "name": "css",
    "slug": "css"
  }
},
{
  "model": "taggit.tag",
  "pk": 53,
  "fields": {
    "name": "web-development",
    "slug": "web-development"
  }
},
{
  "model": "taggit.tag",
  "pk": 54,
  "fields": {
    "name": "postgresql",
    "slug": "postgresql"
  }
},
{
  "model": "taggit.tag",
  "pk": 55,
  "fields": {
    "name": "database",
    "slug": "database"
  }
},
{
  "model": "taggit.tag",
  "pk": 56,
  "fields": {
    "name": "sql",
    "slug": "sql"
  }
},
{
  "model": "taggit.tag",
  "pk": 57,
  "fields": {
    "name": "backend",
    "slug": "backend"
  }
},
{
  "model": "taggit.tag",
  "pk": 58,
  "fields": {
    "name": "github-actions",
    "slug": "github-actions"
  }
},
{
  "model": "taggit.tag",
  "pk": 59,
  "fields": {
    "name": "ci-cd",
    "slug": "ci-cd"
  }
},
{
  "model": "taggit.tag",
  "pk": 60,
  "fields": {
    "name": "testing",
    "slug": "testing"
  }
},
{
  "model": "taggit.tag",
  "pk": 61,
  "fields": {
    "name": "terraform",
    "slug": "terraform"
  }
},
{
  "model": "taggit.tag",
  "pk": 62,
  "fields": {
    "name": "pulumi",
    "slug": "pulumi"
  }
},
{
  "model": "taggit.tag",
  "pk": 63,
  "fields": {
    "name": "iac",
    "slug": "iac"
  }
},
{
  "model": "taggit.tag",
  "pk": 64,
  "fields": {
    "name": "sqlite",
    "slug": "sqlite"
  }
},
{
  "model": "taggit.tag",
  "pk": 65,
  "fields": {
    "name": "offline-first",
    "slug": "offline-first"
  }
},
{
  "model": "taggit.tag",
  "pk": 66,
  "fields": {
    "name": "sync",
    "slug": "sync"
  }
},
{
  "model": "taggit.tag",
  "pk": 67,
  "fields": {
    "name": "accessibility",
    "slug": "accessibility"
  }
},
{
  "model": "taggit.tag",
  "pk": 68,
  "fields": {
    "name": "a11y",
    "slug": "a11y"
  }
},
{
  "model": "taggit.tag",
  "pk": 69,
  "fields": {
    "name": "ux",
    "slug": "ux"
  }
},
{
  "model": "taggit.tag",
  "pk": 70,
  "fields": {
    "name": "design",
    "slug": "design"
  }
},
{
  "model": "taggit.tag",
  "pk": 71,
  "fields": {
    "name": "wcag",
    "slug": "wcag"
  }
},
{
  "model": "taggit.tag",
  "pk": 72,
  "fields": {
    "name": "career",
    "slug": "career"
  }
},
{
  "model": "taggit.tag",
  "pk": 73,
  "fields": {
    "name": "staff-engineer",
    "slug": "staff-engineer"
  }
},
{
  "model": "taggit.tag",
  "pk": 74,
  "fields": {
    "name": "leadership",
    "slug": "leadership"
  }
},
{
  "model": "taggit.tag",
  "pk": 75,
  "fields": {
    "name": "growth",
    "slug": "growth"
  }
},
{
  "model": "taggit.tag",
  "pk": 76,
  "fields": {
    "name": "engineering",
    "slug": "engineering"
  }
},
{
  "model": "taggit.tag",
  "pk": 77,
  "fields": {
    "name": "system-design",
    "slug": "system-design"
  }
},
{
  "model": "taggit.tag",
  "pk": 78,
  "fields": {
    "name": "interview",
    "slug": "interview"
  }
},
{
  "model": "taggit.tag",
  "pk": 79,
  "fields": {
    "name": "distributed-systems",
    "slug": "distributed-systems"
  }
},
{
  "model": "taggit.tag",
  "pk": 80,
  "fields": {
    "name": "preparation",
    "slug": "preparation"
  }
},
{
  "model": "taggit.taggeditem",
  "pk": 5,
  "fields": {
    "tag": 3,
    "content_type": 10,
    "object_id": 3
  }
},
{
  "model": "taggit.taggeditem",
  "pk": 6,
  "fields": {
    "tag": 4,
    "content_type": 10,
    "object_id": 3
  }
},
{
  "model": "taggit.taggeditem",
  "pk": 7,
  "fields": {
    "tag": 5,
    "content_type": 10,
    "object_id": 3
  }
},
{
  "model": "taggit.taggeditem",
  "pk": 8,
  "fields": {
    "tag": 6,
    "content_type": 10,
    "object_id": 3
  }
},
{
  "model": "taggit.taggeditem",
  "pk": 9,
  "fields": {
    "tag": 7,
    "content_type": 10,
    "object_id": 4
  }
},
{
  "model": "taggit.taggeditem",
  "pk": 10,
  "fields": {
    "tag": 8,
    "content_type": 10,
    "object_id": 4
  }
},
{
  "model": "taggit.taggeditem",
  "pk": 11,
  "fields": {
    "tag": 9,
    "content_type": 10,
    "object_id": 4
  }
},
{
  "model": "taggit.taggeditem",
  "pk": 12,
  "fields": {
    "tag": 10,
    "content_type": 10,
    "object_id": 4
  }
},
{
  "model": "taggit.taggeditem",
  "pk": 13,
  "fields": {
    "tag": 11,
    "content_type": 10,
    "object_id": 5
  }
},
{
  "model": "taggit.taggeditem",
  "pk": 14,
  "fields": {
    "tag": 12,
    "content_type": 10,
    "object_id": 5
  }
},
{
  "model": "taggit.taggeditem",
  "pk": 15,
  "fields": {
    "tag": 13,
    "content_type": 10,
    "object_id": 5
  }
},
{
  "model": "taggit.taggeditem",
  "pk": 16,
  "fields": {
    "tag": 14,
    "content_type": 10,
    "object_id": 5
  }
},
{
  "model": "taggit.taggeditem",
  "pk": 17,
  "fields": {
    "tag": 15,
    "content_type": 10,
    "object_id": 6
  }
},
{
  "model": "taggit.taggeditem",
  "pk": 18,
  "fields": {
    "tag": 16,
    "content_type": 10,
    "object_id": 6
  }
},
{
  "model": "taggit.taggeditem",
  "pk": 19,
  "fields": {
    "tag": 17,
    "content_type": 10,
    "object_id": 6
  }
},
{
  "model": "taggit.taggeditem",
  "pk": 20,
  "fields": {
    "tag": 18,
    "content_type": 10,
    "object_id": 6
  }
},
{
  "model": "taggit.taggeditem",
  "pk": 21,
  "fields": {
    "tag": 19,
    "content_type": 10,
    "object_id": 7
  }
},
{
  "model": "taggit.taggeditem",
  "pk": 22,
  "fields": {
    "tag": 20,
    "content_type": 10,
    "object_id": 7
  }
},
{
  "model": "taggit.taggeditem",
  "pk": 23,
  "fields": {
    "tag": 21,
    "content_type": 10,
    "object_id": 7
  }
},
{
  "model": "taggit.taggeditem",
  "pk": 24,
  "fields": {
    "tag": 22,
    "content_type": 10,
    "object_id": 7
  }
},
{
  "model": "taggit.taggeditem",
  "pk": 25,
  "fields": {
    "tag": 23,
    "content_type": 10,
    "object_id": 8
  }
},
{
  "model": "taggit.taggeditem",
  "pk": 26,
  "fields": {
    "tag": 24,
    "content_type": 10,
    "object_id": 8
  }
},
{
  "model": "taggit.taggeditem",
  "pk": 27,
  "fields": {
    "tag": 25,
    "content_type": 10,
    "object_id": 8
  }
},
{
  "model": "taggit.taggeditem",
  "pk": 28,
  "fields": {
    "tag": 26,
    "content_type": 10,
    "object_id": 8
  }
},
{
  "model": "taggit.taggeditem",
  "pk": 29,
  "fields": {
    "tag": 4,
    "content_type": 10,
    "object_id": 9
  }
},
{
  "model": "taggit.taggeditem",
  "pk": 30,
  "fields": {
    "tag": 27,
    "content_type": 10,
    "object_id": 9
  }
},
{
  "model": "taggit.taggeditem",
  "pk": 31,
  "fields": {
    "tag": 28,
    "content_type": 10,
    "object_id": 9
  }
},
{
  "model": "taggit.taggeditem",
  "pk": 32,
  "fields": {
    "tag": 29,
    "content_type": 10,
    "object_id": 9
  }
},
{
  "model": "taggit.taggeditem",
  "pk": 33,
  "fields": {
    "tag": 7,
    "content_type": 10,
    "object_id": 10
  }
},
{
  "model": "taggit.taggeditem",
  "pk": 34,
  "fields": {
    "tag": 30,
    "content_type": 10,
    "object_id": 10
  }
},
{
  "model": "taggit.taggeditem",
  "pk": 35,
  "fields": {
    "tag": 31,
    "content_type": 10,
    "object_id": 10
  }
},
{
  "model": "taggit.taggeditem",
  "pk": 36,
  "fields": {
    "tag": 8,
    "content_type": 10,
    "object_id": 10
  }
},
{
  "model": "taggit.taggeditem",
  "pk": 37,
  "fields": {
    "tag": 32,
    "content_type": 10,
    "object_id": 11
  }
},
{
  "model": "taggit.taggeditem",
  "pk": 38,
  "fields": {
    "tag": 33,
    "content_type": 10,
    "object_id": 11
  }
},
{
  "model": "taggit.taggeditem",
  "pk": 39,
  "fields": {
    "tag": 34,
    "content_type": 10,
    "object_id": 11
  }
},
{
  "model": "taggit.taggeditem",
  "pk": 40,
  "fields": {
    "tag": 35,
    "content_type": 10,
    "object_id": 11
  }
},
{
  "model": "taggit.taggeditem",
  "pk": 50,
  "fields": {
    "tag": 40,
    "content_type": 10,
    "object_id": 16
  }
},
{
  "model": "taggit.taggeditem",
  "pk": 51,
  "fields": {
    "tag": 41,
    "content_type": 10,
    "object_id": 16
  }
},
{
  "model": "taggit.taggeditem",
  "pk": 52,
  "fields": {
    "tag": 42,
    "content_type": 10,
    "object_id": 16
  }
},
{
  "model": "taggit.taggeditem",
  "pk": 53,
  "fields": {
    "tag": 43,
    "content_type": 10,
    "object_id": 16
  }
},
{
  "model": "taggit.taggeditem",
  "pk": 54,
  "fields": {
    "tag": 44,
    "content_type": 10,
    "object_id": 16
  }
},
{
  "model": "taggit.taggeditem",
  "pk": 55,
  "fields": {
    "tag": 45,
    "content_type": 10,
    "object_id": 16
  }
},
{
  "model": "taggit.taggeditem",
  "pk": 56,
  "fields": {
    "tag": 46,
    "content_type": 10,
    "object_id": 16
  }
},
{
  "model": "taggit.taggeditem",
  "pk": 57,
  "fields": {
    "tag": 7,
    "content_type": 10,
    "object_id": 17
  }
},
{
  "model": "taggit.taggeditem",
  "pk": 58,
  "fields": {
    "tag": 47,
    "content_type": 10,
    "object_id": 17
  }
},
{
  "model": "taggit.taggeditem",
  "pk": 59,
  "fields": {
    "tag": 48,
    "content_type": 10,
    "object_id": 17
  }
},
{
  "model": "taggit.taggeditem",
  "pk": 60,
  "fields": {
    "tag": 8,
    "content_type": 10,
    "object_id": 17
  }
},
{
  "model": "taggit.taggeditem",
  "pk": 61,
  "fields": {
    "tag": 49,
    "content_type": 10,
    "object_id": 17
  }
},
{
  "model": "taggit.taggeditem",
  "pk": 62,
  "fields": {
    "tag": 7,
    "content_type": 10,
    "object_id": 18
  }
},
{
  "model": "taggit.taggeditem",
  "pk": 63,
  "fields": {
    "tag": 4,
    "content_type": 10,
    "object_id": 18
  }
},
{
  "model": "taggit.taggeditem",
  "pk": 64,
  "fields": {
    "tag": 50,
    "content_type": 10,
    "object_id": 18
  }
},
{
  "model": "taggit.taggeditem",
  "pk": 65,
  "fields": {
    "tag": 31,
    "content_type": 10,
    "object_id": 18
  }
},
{
  "model": "taggit.taggeditem",
  "pk": 66,
  "fields": {
    "tag": 36,
    "content_type": 10,
    "object_id": 18
  }
},
{
  "model": "taggit.taggeditem",
  "pk": 67,
  "fields": {
    "tag": 51,
    "content_type": 10,
    "object_id": 19
  }
},
{
  "model": "taggit.taggeditem",
  "pk": 68,
  "fields": {
    "tag": 52,
    "content_type": 10,
    "object_id": 19
  }
},
{
  "model": "taggit.taggeditem",
  "pk": 69,
  "fields": {
    "tag": 35,
    "content_type": 10,
    "object_id": 19
  }
},
{
  "model": "taggit.taggeditem",
  "pk": 70,
  "fields": {
    "tag": 53,
    "content_type": 10,
    "object_id": 19
  }
},
{
  "model": "taggit.taggeditem",
  "pk": 71,
  "fields": {
    "tag": 20,
    "content_type": 10,
    "object_id": 19
  }
},
{
  "model": "taggit.taggeditem",
  "pk": 72,
  "fields": {
    "tag": 54,
    "content_type": 10,
    "object_id": 20
  }
},
{
  "model": "taggit.taggeditem",
  "pk": 73,
  "fields": {
    "tag": 55,
    "content_type": 10,
    "object_id": 20
  }
},
{
  "model": "taggit.taggeditem",
  "pk": 74,
  "fields": {
    "tag": 29,
    "content_type": 10,
    "object_id": 20
  }
},
{
  "model": "taggit.taggeditem",
  "pk": 75,
  "fields": {
    "tag": 56,
    "content_type": 10,
    "object_id": 20
  }
},
{
  "model": "taggit.taggeditem",
  "pk": 76,
  "fields": {
    "tag": 57,
    "content_type": 10,
    "object_id": 20
  }
},
{
  "model": "taggit.taggeditem",
  "pk": 77,
  "fields": {
    "tag": 58,
    "content_type": 10,
    "object_id": 21
  }
},
{
  "model": "taggit.taggeditem",
  "pk": 78,
  "fields": {
    "tag": 59,
    "content_type": 10,
    "object_id": 21
  }
},
{
  "model": "taggit.taggeditem",
  "pk": 79,
  "fields": {
    "tag": 13,
    "content_type": 10,
    "object_id": 21
  }
},
{
  "model": "taggit.taggeditem",
  "pk": 80,
  "fields": {
    "tag": 36,
    "content_type": 10,
    "object_id": 21
  }
},
{
  "model": "taggit.taggeditem",
  "pk": 81,
  "fields": {
    "tag": 60,
    "content_type": 10,
    "object_id": 21
  }
},
{
  "model": "taggit.taggeditem",
  "pk": 82,
  "fields": {
    "tag": 61,
    "content_type": 10,
    "object_id": 22
  }
},
{
  "model": "taggit.taggeditem",
  "pk": 83,
  "fields": {
    "tag": 62,
    "content_type": 10,
    "object_id": 22
  }
},
{
  "model": "taggit.taggeditem",
  "pk": 84,
  "fields": {
    "tag": 63,
    "content_type": 10,
    "object_id": 22
  }
},
{
  "model": "taggit.taggeditem",
  "pk": 85,
  "fields": {
    "tag": 14,
    "content_type": 10,
    "object_id": 22
  }
},
{
  "model": "taggit.taggeditem",
  "pk": 86,
  "fields": {
    "tag": 13,
    "content_type": 10,
    "object_id": 22
  }
},
{
  "model": "taggit.taggeditem",
  "pk": 87,
  "fields": {
    "tag": 17,
    "content_type": 10,
    "object_id": 23
  }
},
{
  "model": "taggit.taggeditem",
  "pk": 88,
  "fields": {
    "tag": 64,
    "content_type": 10,
    "object_id": 23
  }
},
{
  "model": "taggit.taggeditem",
  "pk": 89,
  "fields": {
    "tag": 65,
    "content_type": 10,
    "object_id": 23
  }
},
{
  "model": "taggit.taggeditem",
  "pk": 90,
  "fields": {
    "tag": 15,
    "content_type": 10,
    "object_id": 23
  }
},
{
  "model": "taggit.taggeditem",
  "pk": 91,
  "fields": {
    "tag": 66,
    "content_type": 10,
    "object_id": 23
  }
},
{
  "model": "taggit.taggeditem",
  "pk": 92,
  "fields": {
    "tag": 67,
    "content_type": 10,
    "object_id": 24
  }
},
{
  "model": "taggit.taggeditem",
  "pk": 93,
  "fields": {
    "tag": 68,
    "content_type": 10,
    "object_id": 24
  }
},
{
  "model": "taggit.taggeditem",
  "pk": 94,
  "fields": {
    "tag": 69,
    "content_type": 10,
    "object_id": 24
  }
},
{
  "model": "taggit.taggeditem",
  "pk": 95,
  "fields": {
    "tag": 70,
    "content_type": 10,
    "object_id": 24
  }
},
{
  "model": "taggit.taggeditem",
  "pk": 96,
  "fields": {
    "tag": 71,
    "content_type": 10,
    "object_id": 24
  }
},
{
  "model": "taggit.taggeditem",
  "pk": 97,
  "fields": {
    "tag": 72,
    "content_type": 10,
    "object_id": 25
  }
},
{
  "model": "taggit.taggeditem",
  "pk": 98,
  "fields": {
    "tag": 73,
    "content_type": 10,
    "object_id": 25
  }
},
{
  "model": "taggit.taggeditem",
  "pk": 99,
  "fields": {
    "tag": 74,
    "content_type": 10,
    "object_id": 25
  }
},
{
  "model": "taggit.taggeditem",
  "pk": 100,
  "fields": {
    "tag": 75,
    "content_type": 10,
    "object_id": 25
  }
},
{
  "model": "taggit.taggeditem",
  "pk": 101,
  "fields": {
    "tag": 76,
    "content_type": 10,
    "object_id": 25
  }
},
{
  "model": "taggit.taggeditem",
  "pk": 102,
  "fields": {
    "tag": 77,
    "content_type": 10,
    "object_id": 26
  }
},
{
  "model": "taggit.taggeditem",
  "pk": 103,
  "fields": {
    "tag": 78,
    "content_type": 10,
    "object_id": 26
  }
},
{
  "model": "taggit.taggeditem",
  "pk": 104,
  "fields": {
    "tag": 72,
    "content_type": 10,
    "object_id": 26
  }
},
{
  "model": "taggit.taggeditem",
  "pk": 105,
  "fields": {
    "tag": 79,
    "content_type": 10,
    "object_id": 26
  }
},
{
  "model": "taggit.taggeditem",
  "pk": 106,
  "fields": {
    "tag": 80,
    "content_type": 10,
    "object_id": 26
  }
}
]
